<?xml version="1.0"?>
<data grt_format="2.0">
  <value _ptr_="00000230459259E0" type="list" content-type="object" content-struct-name="db.mgmt.Connection">
    <value type="object" struct-name="db.mgmt.Connection" id="{D5E50497-2259-4FA1-A7DC-164C6B5E751A}" struct-checksum="0x96ba47d8">
      <link type="object" struct-name="db.mgmt.Driver" key="driver">com.mysql.rdbms.mysql.driver.native</link>
      <value type="string" key="hostIdentifier">Mysql@localhost:3306</value>
      <value type="int" key="isDefault">1</value>
      <value _ptr_="000002304B47D330" type="dict" key="modules"/>
      <value _ptr_="000002304B47C8B0" type="dict" key="parameterValues">
        <value type="string" key=""></value>
        <value type="string" key="DbSqlEditor:LastDefaultSchema">umc_missionapp</value>
        <value type="string" key="SQL_MODE"></value>
        <value type="string" key="hostName">localhost</value>
        <value type="int" key="lastConnected">1700470337</value>
        <value type="string" key="password"></value>
        <value type="int" key="port">3306</value>
        <value type="string" key="schema"></value>
        <value type="string" key="serverVersion">8.0.34</value>
        <value type="string" key="sslCA"></value>
        <value type="string" key="sslCert"></value>
        <value type="string" key="sslCipher"></value>
        <value type="string" key="sslKey"></value>
        <value type="int" key="useSSL">1</value>
        <value type="string" key="userName">root</value>
      </value>
      <value type="string" key="name">Local instance MySQL80</value>
      <link type="object" struct-name="GrtObject" key="owner">{40DBB1AA-5DF5-4C32-86FF-DBA7BF84AEF0}</link>
    </value>
    <value type="object" struct-name="db.mgmt.Connection" id="{EB57094A-C08D-4FD7-9F77-2F8746C7FCE4}" struct-checksum="0x96ba47d8">
      <link type="object" struct-name="db.mgmt.Driver" key="driver">com.mysql.rdbms.mysql.driver.native</link>
      <value type="string" key="hostIdentifier">Mysql@database-1.ccehqz9l1s0m.ap-northeast-2.rds.amazonaws.com:3306</value>
      <value type="int" key="isDefault">0</value>
      <value _ptr_="000002304B47C1F0" type="dict" key="modules"/>
      <value _ptr_="000002304B47CCD0" type="dict" key="parameterValues">
        <value type="string" key="DbSqlEditor:LastDefaultSchema">umc_missionapp</value>
        <value type="string" key="SQL_MODE"></value>
        <value type="string" key="hostName">database-1.ccehqz9l1s0m.ap-northeast-2.rds.amazonaws.com</value>
        <value type="int" key="lastConnected">1700469431</value>
        <value type="string" key="password"></value>
        <value type="int" key="port">3306</value>
        <value type="string" key="schema"></value>
        <value type="string" key="serverVersion">8.0.33</value>
        <value type="int" key="sshCompressionLevel">0</value>
        <value type="string" key="sslCA"></value>
        <value type="string" key="sslCert"></value>
        <value type="string" key="sslCipher"></value>
        <value type="string" key="sslKey"></value>
        <value type="int" key="useSSL">1</value>
        <value type="string" key="userName">root</value>
      </value>
      <value type="string" key="name">UMC_AWS</value>
      <link type="object" struct-name="GrtObject" key="owner">{40DBB1AA-5DF5-4C32-86FF-DBA7BF84AEF0}</link>
    </value>
  </value>
</data>
