<?xml version="1.0"?>
<data grt_format="2.0">
  <value _ptr_="00000230459240F0" type="list" content-type="object" content-struct-name="db.mgmt.ServerInstance">
    <value type="object" struct-name="db.mgmt.ServerInstance" id="{7851E631-0D27-4BFF-A006-F4874008ECC5}" struct-checksum="0x367436e2">
      <link type="object" struct-name="db.mgmt.Connection" key="connection">{D5E50497-2259-4FA1-A7DC-164C6B5E751A}</link>
      <value _ptr_="000002304B47CD30" type="dict" key="loginInfo">
        <value type="string" key="wmi.hostName"></value>
        <value type="string" key="wmi.userName"></value>
      </value>
      <value _ptr_="000002304B47D7B0" type="dict" key="serverInfo">
        <value type="string" key="serverVersion">8.0.34</value>
        <value type="int" key="setupPending">0</value>
        <value type="string" key="sys.config.path">C:\ProgramData\MySQL\MySQL Server 8.0\my.ini</value>
        <value type="int" key="sys.config.path.lock">1</value>
        <value type="string" key="sys.config.section">mysqld</value>
        <value type="string" key="sys.mysqld.service_name">MySQL80</value>
        <value type="string" key="sys.preset">Custom</value>
        <value type="string" key="sys.sudo"></value>
        <value type="string" key="sys.system">Windows</value>
        <value type="int" key="sys.usesudo">0</value>
        <value type="int" key="sys.usesudostatus">0</value>
        <value type="int" key="windowsAdmin">1</value>
      </value>
      <value type="string" key="name">Local MySQL80</value>
    </value>
    <value type="object" struct-name="db.mgmt.ServerInstance" id="{2072DCFC-4860-4794-8E70-EDF30F4B5FD1}" struct-checksum="0x367436e2">
      <link type="object" struct-name="db.mgmt.Connection" key="connection">{EB57094A-C08D-4FD7-9F77-2F8746C7FCE4}</link>
      <value _ptr_="000002304B47C670" type="dict" key="loginInfo"/>
      <value _ptr_="000002304B47E8F0" type="dict" key="serverInfo">
        <value type="string" key="serverVersion">8.0.33</value>
        <value type="int" key="setupPending">1</value>
      </value>
      <value type="string" key="name">UMC_AWS</value>
    </value>
  </value>
</data>
